{"cameraMode":{"drawMode":0,"name":"Shaded","section":"Shading Mode"},"sceneLighting":false,"audioPlay":false,"sceneViewState":{"m_AlwaysRefresh":false,"showFog":true,"showSkybox":false,"showFlares":true,"showImageEffects":true,"showParticleSystems":true,"showVisualEffectGraphs":true,"m_FxEnabled":true},"in2DMode":false,"pivot":{"x":-0.6660137176513672,"y":7.428280830383301,"z":-0.045130252838134769},"rotation":{"x":0.06664791703224182,"y":0.9283388257026672,"z":-0.20369891822338105,"w":0.3037451207637787},"size":11.026634216308594,"orthographic":true}