{"cameraMode":{"drawMode":0,"name":"Shaded","section":"Shading Mode"},"sceneLighting":false,"audioPlay":false,"sceneViewState":{"m_AlwaysRefresh":false,"showFog":true,"showSkybox":false,"showFlares":true,"showImageEffects":true,"showParticleSystems":true,"showVisualEffectGraphs":true,"m_FxEnabled":true},"in2DMode":false,"pivot":{"x":-0.1532350480556488,"y":2.214594602584839,"z":-0.5802537202835083},"rotation":{"x":0.026037855073809625,"y":-0.9566643238067627,"z":0.27561047673225405,"w":0.09037985652685166},"size":3.5394558906555177,"orthographic":true}